{
  "C0.0.0.0.0.0.0": {
    "centroid": {
      "verbal_aptitude_weight": 0.013324301542856562,
      "quantitative_aptitude_weight": 0.3041118919776109,
      "creativity_requirement": 0.1366840301819149,
      "teamwork_requirement": -0.3607081835256132,
      "exploration_requirement": 0.03377661699381633,
      "salary_inr_avg": 1.6373292995754183,
      "work_life_balance_score": 0.28963751894644174,
      "stress_level": -0.0861087852505229,
      "growth_trajectory_5yr": -0.27559134304083743,
      "automation_risk_level": -0.16337041961465726,
      "industry_stability": 0.8408407953304889,
      "job_security_score": -0.47379652855156895,
      "entry_difficulty_enc": -0.6932476327082029,
      "remote_work_feasibility_enc": 0.4999999999999999
    },
    "size": 17,
    "top_jobs": [
      "Surgeon",
      "Nurse",
      "Medical Technician",
      "Anesthesiologist",
      "Psychiatrist"
    ],
    "primary_categories": {
      "Medicine": 16,
      "Engineering": 1
    }
  },
  "C0.0.0.0.0.0.1": {
    "centroid": {
      "verbal_aptitude_weight": -0.5604959838794259,
      "quantitative_aptitude_weight": 1.0155553372721908,
      "creativity_requirement": 0.06437878377212043,
      "teamwork_requirement": -1.3309557287010663,
      "exploration_requirement": -0.28365298429731617,
      "salary_inr_avg": 0.5092800398770002,
      "work_life_balance_score": -0.34055144268780313,
      "stress_level": -0.22063951106825566,
      "growth_trajectory_5yr": -0.7404890202352328,
      "automation_risk_level": 1.0461045227497454,
      "industry_stability": -0.5445601252223908,
      "job_security_score": 0.3880241508132841,
      "entry_difficulty_enc": -1.0711703187915727,
      "remote_work_feasibility_enc": 0.4999999999999999
    },
    "size": 9,
    "top_jobs": [
      "Physical Therapist",
      "Cardiologist",
      "Orthopedic Surgeon",
      "Hardware Engineer",
      "Nuclear Engineer"
    ],
    "primary_categories": {
      "Engineering": 5,
      "Medicine": 3,
      "Science": 1
    }
  },
  "C0.0.0.0.0.1": {
    "centroid": {
      "verbal_aptitude_weight": 0.038854441360373304,
      "quantitative_aptitude_weight": 0.11745472119619034,
      "creativity_requirement": -0.2717276350859083,
      "teamwork_requirement": 0.9449278159677009,
      "exploration_requirement": 0.7116402863070169,
      "salary_inr_avg": 0.49844010094772956,
      "work_life_balance_score": -0.10868421431265907,
      "stress_level": -1.0424170294531856,
      "growth_trajectory_5yr": -0.17796283083001452,
      "automation_risk_level": 0.5181850546636614,
      "industry_stability": -0.6474895598127632,
      "job_security_score": -0.5364383862046808,
      "entry_difficulty_enc": 0.1261574639361939,
      "remote_work_feasibility_enc": 0.4999999999999999
    },
    "size": 20,
    "top_jobs": [
      "Doctor",
      "Veterinarian",
      "Pharmacist",
      "Radiologist",
      "Medical Assistant"
    ],
    "primary_categories": {
      "Medicine": 8,
      "Commerce": 5,
      "Engineering": 4,
      "Law": 2,
      "Science": 1
    }
  },
  "C0.0.0.0.1.0": {
    "centroid": {
      "verbal_aptitude_weight": -0.3383229814198452,
      "quantitative_aptitude_weight": 0.7025576250044929,
      "creativity_requirement": 0.5097197887590086,
      "teamwork_requirement": -0.1389914593351288,
      "exploration_requirement": -0.7552697337259724,
      "salary_inr_avg": 0.855418998868479,
      "work_life_balance_score": -0.2950060942569712,
      "stress_level": 0.5841791552273627,
      "growth_trajectory_5yr": 0.6658264532778131,
      "automation_risk_level": -0.3671100243046533,
      "industry_stability": -0.9153012166379502,
      "job_security_score": -0.22583917534133488,
      "entry_difficulty_enc": 0.6627647324147965,
      "remote_work_feasibility_enc": 0.4999999999999999
    },
    "size": 16,
    "top_jobs": [
      "Dentist",
      "Laboratory Technician",
      "Genetic Counselor",
      "Emergency Physician",
      "Oncologist"
    ],
    "primary_categories": {
      "Medicine": 9,
      "Engineering": 5,
      "Science": 2
    }
  },
  "C0.0.0.0.1.1": {
    "centroid": {
      "verbal_aptitude_weight": -0.8452448449128938,
      "quantitative_aptitude_weight": 0.905923914411351,
      "creativity_requirement": 0.17961527023773033,
      "teamwork_requirement": 0.6554861804958891,
      "exploration_requirement": 0.014897678051190208,
      "salary_inr_avg": 0.11510044244898143,
      "work_life_balance_score": 1.036455974805399,
      "stress_level": -0.0035662043250667278,
      "growth_trajectory_5yr": -0.8024753771944855,
      "automation_risk_level": -0.8158256036518691,
      "industry_stability": -0.6518799148426843,
      "job_security_score": 0.2004381001176513,
      "entry_difficulty_enc": 0.4376573748897591,
      "remote_work_feasibility_enc": 0.361111111111111
    },
    "size": 18,
    "top_jobs": [
      "Medical Researcher",
      "Hospital Administrator",
      "Platform Engineer",
      "Chemical Engineer",
      "Computer Engineer"
    ],
    "primary_categories": {
      "Engineering": 12,
      "Medicine": 2,
      "Science": 2,
      "Technology": 1,
      "Commerce": 1
    }
  },
  "C0.0.0.1.0.0": {
    "centroid": {
      "verbal_aptitude_weight": -0.05010461725842743,
      "quantitative_aptitude_weight": 0.3398444457612053,
      "creativity_requirement": 0.7466121855286659,
      "teamwork_requirement": 0.03574664534332,
      "exploration_requirement": -0.3527739528627855,
      "salary_inr_avg": -0.9757487478246445,
      "work_life_balance_score": -0.4253156823422479,
      "stress_level": -0.5752375214624093,
      "growth_trajectory_5yr": 0.3550524625446031,
      "automation_risk_level": -0.7551452050212848,
      "industry_stability": 0.008582189658489493,
      "job_security_score": 0.08730091681069767,
      "entry_difficulty_enc": -0.22047083371458048,
      "remote_work_feasibility_enc": 0.49999999999999994
    },
    "size": 23,
    "top_jobs": [
      "Software Engineer",
      "Mining Engineer",
      "Investment Banker",
      "Brand Manager",
      "Digital Marketing Specialist"
    ],
    "primary_categories": {
      "Science": 13,
      "Commerce": 8,
      "Engineering": 2
    }
  },
  "C0.0.0.1.0.1": {
    "centroid": {
      "verbal_aptitude_weight": 0.15434793101104455,
      "quantitative_aptitude_weight": -0.2577169056480582,
      "creativity_requirement": 0.01805823529084581,
      "teamwork_requirement": 0.19765062011622203,
      "exploration_requirement": 0.9979196383428165,
      "salary_inr_avg": -0.6373188479356777,
      "work_life_balance_score": -1.0230705831149975,
      "stress_level": 0.3120109558982249,
      "growth_trajectory_5yr": 0.14691860476230414,
      "automation_risk_level": -0.352738350944778,
      "industry_stability": 0.6858870883920973,
      "job_security_score": 0.6822767793554535,
      "entry_difficulty_enc": 0.801264807712395,
      "remote_work_feasibility_enc": 0.4999999999999999
    },
    "size": 17,
    "top_jobs": [
      "Criminal Lawyer",
      "Arbitrator",
      "Court Reporter",
      "Labor Relations Lawyer",
      "Aerospace Engineer"
    ],
    "primary_categories": {
      "Commerce": 6,
      "Science": 6,
      "Law": 4,
      "Engineering": 1
    }
  },
  "C0.0.0.1.1": {
    "centroid": {
      "verbal_aptitude_weight": -0.23769312759263747,
      "quantitative_aptitude_weight": 0.36027266120111345,
      "creativity_requirement": -0.6681960230449707,
      "teamwork_requirement": 0.18365666513773002,
      "exploration_requirement": -0.05654123043934517,
      "salary_inr_avg": -0.31286597761572454,
      "work_life_balance_score": 0.3476142671836155,
      "stress_level": 0.5058915563987444,
      "growth_trajectory_5yr": 0.9729909899955383,
      "automation_risk_level": -0.41569996756899336,
      "industry_stability": 0.4979749739461748,
      "job_security_score": -0.6234288404833149,